ID,From User,To User ID,Amount,Timestamp,Notes
1,padam,4,10,Sun Jul 21 2024 01:00:58 GMT+0545 (Nepal Time),enjoy titps
2,1234567890,1,5,Sun Jul 21 2024 01:04:31 GMT+0545 (Nepal Time),enjoy 5 rupees
3,1234567890,1,5,Sun Jul 21 2024 15:21:27 GMT+0545 (Nepal Time),enjoy your monwy dude
4,1234567890,1,5,Sun Jul 21 2024 15:21:31 GMT+0545 (Nepal Time),enjoy your monwy dude
6,1234567890,1,1,Sun Jul 21 2024 15:37:24 GMT+0545 (Nepal Time),hey anything for you
7,1234567890,1,4,Sun Jul 21 2024 15:37:48 GMT+0545 (Nepal Time),hey anything for you
8,1234567890,1,4,Sun Jul 21 2024 15:37:50 GMT+0545 (Nepal Time),hey anything for you
10,1234567890,1,1,Sun Jul 21 2024 15:43:41 GMT+0545 (Nepal Time),hey anything for you
11,1234567890,1,4,Sun Jul 21 2024 15:44:32 GMT+0545 (Nepal Time),hey anything for you
12,1234567890,1,100,Sun Jul 21 2024 15:48:50 GMT+0545 (Nepal Time),hey anything for you
13,1234567890,1,100,Sun Jul 21 2024 15:48:55 GMT+0545 (Nepal Time),hey enjoy man what up
14,1234567890,1,100,Sun Jul 21 2024 15:51:02 GMT+0545 (Nepal Time),hey enjoy man what up
15,1234567890,1,100,Sun Jul 21 2024 15:51:05 GMT+0545 (Nepal Time),enjoy lets go man 
16,1234567890,1,4,Sun Jul 21 2024 15:59:14 GMT+0545 (Nepal Time),enjoy your tips man
18,1234567890,1,96,Sun Jul 21 2024 16:00:55 GMT+0545 (Nepal Time),enjoy your trip mAN
19,1234567890,1,96,Sun Jul 21 2024 16:00:59 GMT+0545 (Nepal Time),hey man enjoy your self
20,1234567890,1,5,Sun Jul 21 2024 16:06:13 GMT+0545 (Nepal Time),good luck to i
21,1234567890,1,91,Sun Jul 21 2024 16:07:01 GMT+0545 (Nepal Time),hey man enjoy your self
22,padam,4,100,Mon Jul 22 2024 16:36:35 GMT+0545 (Nepal Time),enjoy trip man
23,padam,4,100,Mon Jul 22 2024 16:36:41 GMT+0545 (Nepal Time),enjoy trip man
24,padam,4,100,Mon Jul 22 2024 16:36:46 GMT+0545 (Nepal Time),enjoy trip man
25,1234567890,1,10,Mon Jul 22 2024 18:44:22 GMT+0545 (Nepal Time),enjoy man are u happy
26,1234567890,1,10,Mon Jul 22 2024 18:46:16 GMT+0545 (Nepal Time),43jjjjjjjj43ffffffffff
27,1234567890,1,10,Mon Jul 22 2024 18:47:19 GMT+0545 (Nepal Time),43jjjjjjjj43ffffffffff
28,1234567890,1,10,Mon Jul 22 2024 18:50:39 GMT+0545 (Nepal Time),rnnnnnnnnnnnnnnnnn
29,1234567890,1,10,Mon Jul 22 2024 18:54:51 GMT+0545 (Nepal Time),enjoy man do u love
30,1234567890,1,10,Mon Jul 22 2024 18:56:19 GMT+0545 (Nepal Time),enjoy man do u love
31,1234567890,1,10,Mon Jul 22 2024 18:56:50 GMT+0545 (Nepal Time),enjoy man do u love
32,1234567890,1,10,Mon Jul 22 2024 18:58:04 GMT+0545 (Nepal Time),enjoy man do u love
33,1234567890,1,10,Mon Jul 22 2024 18:59:07 GMT+0545 (Nepal Time),enjoy man do u love
34,1234567890,1,10,Mon Jul 22 2024 19:01:18 GMT+0545 (Nepal Time),enjoy man do u love
35,1234567890,1,10,Mon Jul 22 2024 19:01:45 GMT+0545 (Nepal Time),enjoy man do u love
36,1234567890,1,20,Mon Jul 22 2024 19:04:32 GMT+0545 (Nepal Time),hfffffffffffffffffff
37,1234567890,1,10,Mon Jul 22 2024 19:15:55 GMT+0545 (Nepal Time),jveeeeeeeeeeeeeeee
38,1234567890,1,12,Mon Jul 22 2024 19:19:41 GMT+0545 (Nepal Time),ejjjjjjjjjjjjjjjjj
39,1234567890,1,12,Mon Jul 22 2024 19:20:18 GMT+0545 (Nepal Time),ejjjjjjjjjjjjjjjjj
40,1234567890,1,12,Mon Jul 22 2024 19:22:24 GMT+0545 (Nepal Time),ejjjjjjjjjjjjjjjjj
41,1234567890,1,12,Mon Jul 22 2024 19:24:06 GMT+0545 (Nepal Time),ejjjjjjjjjjjjjjjjj
42,1234567890,1,12,Mon Jul 22 2024 19:25:56 GMT+0545 (Nepal Time),ejjjjjjjjjjjjjjjjj
43,1234567890,1,12,Mon Jul 22 2024 19:27:05 GMT+0545 (Nepal Time),ejjjjjjjjjjjjjjjjj
44,1234567890,1,12,Mon Jul 22 2024 19:29:10 GMT+0545 (Nepal Time),ejjjjjjjjjjjjjjjjj
45,1234567890,1,10,Mon Jul 22 2024 19:56:22 GMT+0545 (Nepal Time),eeeeeeeeeeeeeeeeeeee
46,1234567890,1,10,Mon Jul 22 2024 19:56:51 GMT+0545 (Nepal Time),eeeeeeeeeeeeeeeeeeee
47,1234567890,1,10,Mon Jul 22 2024 19:59:15 GMT+0545 (Nepal Time),fddddddddddddddddddddd
48,1234567890,1,20,Mon Jul 22 2024 20:03:08 GMT+0545 (Nepal Time),hcwwwwwwwwwwwwww
50,1234567890,1,12,Mon Jul 22 2024 20:26:24 GMT+0545 (Nepal Time),ceeeeeeeeeeee
51,1234567890,1,2,Mon Jul 22 2024 20:37:10 GMT+0545 (Nepal Time),evvvvvvvvvvvvvvvvvvv
52,1234567890,1,10,Mon Jul 22 2024 20:52:31 GMT+0545 (Nepal Time),hey man do you have 
53,padam,4,100,Tue Jul 23 2024 00:17:23 GMT+0545 (Nepal Time),cjkkkkkkkkkkkkkkkkkkkkkk
54,padam,5,100,Tue Jul 23 2024 00:19:59 GMT+0545 (Nepal Time),cjkkkkkkkkkkkkkkkkkkkkkk
55,padam,5,200,Tue Jul 23 2024 00:20:27 GMT+0545 (Nepal Time),cjkkkkkkkkkkkkkkkkkkkkkk
56,padam,5,2,Tue Jul 23 2024 00:20:44 GMT+0545 (Nepal Time),cjkkkkkkkkkkkkkkkkkkkkkk
57,1234567890,1,5,Wed Jul 24 2024 20:15:23 GMT+0545 (Nepal Time),enjoy man this much money
58,1234567890,1,4,Wed Jul 24 2024 21:16:28 GMT+0545 (Nepal Time),f3333333333333333
59,1234567890,1,4,Wed Jul 24 2024 21:16:54 GMT+0545 (Nepal Time),f3333333333333333
60,1234567890,1,4,Wed Jul 24 2024 21:17:47 GMT+0545 (Nepal Time),f3333333333333333
61,1234567890,1,5,Wed Jul 24 2024 22:56:53 GMT+0545 (Nepal Time),sssssssssssssssssss
62,1234567890,1,3,Wed Jul 24 2024 23:05:17 GMT+0545 (Nepal Time),eeeeeeeeeeeeeee
63,1234567890,1,3,Wed Jul 24 2024 23:08:47 GMT+0545 (Nepal Time),hey enjoy my money man
64,1234567890,1,3,Wed Jul 24 2024 23:10:31 GMT+0545 (Nepal Time),tttttttttttttttttttttttt
65,1234567890,1,3,Wed Jul 24 2024 23:11:45 GMT+0545 (Nepal Time),tttttttttttttttttttttttt
66,1234567890,1,3,Wed Jul 24 2024 23:12:04 GMT+0545 (Nepal Time),tttttttttttttttttttttttt
67,1234567890,1,3,Wed Jul 24 2024 23:12:27 GMT+0545 (Nepal Time),tttttttttttttttttttttttt
68,1234567890,1,4,Wed Jul 24 2024 23:25:31 GMT+0545 (Nepal Time),fffffffffffffffffffffffffffffff
69,1234567890,1,4,Wed Jul 24 2024 23:25:41 GMT+0545 (Nepal Time),fffffffffffffffffffffffffffffff
70,1234567890,1,5,Thu Jul 25 2024 09:01:54 GMT+0545 (Nepal Time),enjoy money hbhefh
71,1234567890,1,5,Thu Jul 25 2024 19:11:29 GMT+0545 (Nepal Time),enjoy your money
72,padam,1,10,Fri Jul 26 2024 09:12:56 GMT+0545 (Nepal Time),enjoy your money
73,padam,1,400,Fri Jul 26 2024 09:13:46 GMT+0545 (Nepal Time),enjoy your men
74,padam,1,120,Fri Jul 26 2024 09:15:46 GMT+0545 (Nepal Time),enjoy your money
75,padam,1,120,Fri Jul 26 2024 09:16:15 GMT+0545 (Nepal Time),you cant the transfer
76,padam,1,120,Fri Jul 26 2024 09:21:09 GMT+0545 (Nepal Time),you cant the transfer
77,padam,17,10,Fri Jul 26 2024 09:22:54 GMT+0545 (Nepal Time),enjoy your money
78,padam,18,40,Fri Jul 26 2024 09:30:43 GMT+0545 (Nepal Time),gari kha bhai new account kholixxas
79,padam,18,10,Fri Jul 26 2024 09:32:43 GMT+0545 (Nepal Time),another 10rs for you love mero bhai
80,1234567890,1,4,Fri Jul 26 2024 10:07:20 GMT+0545 (Nepal Time),dddddddddddddddddddddddddddd
81,1234567890,1,4,Fri Jul 26 2024 10:08:39 GMT+0545 (Nepal Time),dddddddddddddddddddddddddddd
